Id;FirstName;LastName;BirthDate;ProfilePicture;SubscriptionType;ProfileBackground
0;Miguel;Dupont;1995-04-23;miguel.png;Premium;bg_gold.jpg
1;Alice;Martin;1988-11-15;alice.png;Standard;bg_silver.jpg
2;Robert;Durand;2000-07-08;robert.png;Premium;bg_gold.jpg
3;Sophie;Lemoine;1992-02-19;sophie.png;Standard;bg_silver.jpg
6;zak;fqsdfqsfdqsf;2020-06-19;default_profile.png;;bg_bronze.jpg
7;zakak;kzkzk;6/2/2020;default_profile.png;Gratuit;bg_bronze.jpg
7;test;zeki;2/3/2025 12:00:00 AM;default_profile.png;;bg_bronze.jpg
8;sdfsdf;fdsfsdf;2025-03-29;default_profile.png;Standard;bg_silver.jpg
4;fsdfsdf;sfsdfsf;2025-01-08;default_profile.png;;bg_bronze.jpg
